{
    "num_leaves": 54,
    "learning_rate": 0.016821435662367816,
    "feature_fraction": 0.5228724809297342,
    "bagging_fraction": 0.7426607684849414,
    "bagging_freq": 2,
    "min_child_samples": 33,
    "max_depth": 7,
    "lambda_l1": 1.9579569798839285,
    "lambda_l2": 3.761799724224957e-05,
    "objective": "binary",
    "metric": "auc",
    "boosting_type": "gbdt",
    "verbose": -1,
    "random_state": 42,
    "scale_pos_weight": 2.2635066964727293
}