{
    "accuracy": 0.672009116919645,
    "precision": 0.4785604162651763,
    "recall": 0.7860251642003641,
    "f1": 0.5949151019674782,
    "roc_auc": 0.7696897116846003
}