{
    "accuracy": 0.6714756801319044,
    "precision": 0.478055822906641,
    "recall": 0.7861042969059112,
    "f1": 0.5945476853098722,
    "roc_auc": 0.769550523327778
}